{
  "timestamp": "2025-10-25T17:39:11.683618",
  "results": {
    "resize_800x600": {
      "pixer_us": 146030.0,
      "dart_image_us": 3180235.0
    },
    "resize_1920x1080": {
      "pixer_us": 2301.524,
      "dart_image_us": 4790.642696629214
    },
    "resize_3840x2160": {
      "pixer_us": 913055.5,
      "dart_image_us": 56474861.0
    },
    "load": {
      "pixer_us": 60738.06060606061,
      "dart_image_us": 670670.25
    },
    "encode_jpeg": {
      "pixer_us": 137764.4,
      "dart_image_us": 1140747.0
    },
    "rotate_90": {
      "pixer_us": 16206.66393442623,
      "dart_image_us": 312002.5714285714
    },
    "flip_horizontal": {
      "pixer_us": 15747.361538461539,
      "dart_image_us": 374256.5
    }
  }
}